cohort_year,Investors,Avg_SIP_Amount,Total_Investment
2024,4456,10986.861802930669,212189262
2025,306,12516.697270471464,5044229
